"Timestamp","Name (Họ và tên)","Sex (giới tính) ","Hometown (Quê Quán) VD:Hà Nội","Major ( Chuyên Ngành)","Bio_personality ( tính cách cá nhân )","food_drink (Đồ ăn thức uống)","hobby_interests (sở thích cá nhân)","smoking (hút thuốc hay ko)","refer_roommate (kiểu người bạn cùng phòng mà bạn thích)","Cleanliess (Độ ưa sạch)","Privacy (Độ riêng tư)",""
"2022/09/26 11:20:45 am GMT+7","Nguyễn Tiến Dũng","Nam","Vinh","Trí tuệ nhân tạo","Người đang học trường FPT, là người ít nói chuyện","thích ăn món mì cay","cờ vua, cờ tướng","không","người có tính hòa đồng","5","8","2001"
"2022/09/26 11:27:35 am GMT+7","Quách Văn Đang","Nam","Bạc Liêu","Trí Tuệ Nhân Tạo ","mình là một người hướng nội, ít nói chuyện ","thích ăn mì cay, uống caffee vào mỗi buổi sáng ","thích khoa học, thích đá bóng, bơi lội.","không","mong muốn được ở cùng với người có sở thích khoa học với mình, để cùng nhau nói chuyện ","5","8",""
"2022/09/26 11:40:18 am GMT+7","Nguyễn Thanh Hương","Nữ","Biên Hòa","kế toán","hướng ngoại, đôi khi hướng nội, tính cách thất thường, sáng nắng chiều mưa","mình ăn uống healthy nền chỉ uống nước ép trái cây, không uống nước ngọt có ga","mình thích chạy bộ vào buổi sáng, đánh cầu lông vào buổi chiều, đi xe đạp vào buổi tối","không","thích bạn cùng phòng dễ thương, hiền lành, hòa đồng, hoạt bát, siêng năng, chăm chỉ, ","10","10",""
"2022/09/26 11:47:23 am GMT+7","Lê Thanh Nam","Nữ","Vũng Tàu","Thiết Kế Đồ họa","mình là một người thích vẽ năng động, và thích tham gia các hoạt động xã hội","mình rất thích đồ ăn vặt và đồ nướng và đặt biệt là trà sữa","mình rất thích nghệ thuật và thường hay quan tâm những tin tức về nó, mình còn có thể chơi cầu lông nữa","không","mong muốn được ở cùng phòng với một người có sở thích vẽ và nấu ăn ngon","8","4",""
"2022/09/26 12:29:57 pm GMT+7","Phạm Minh Long","Nam","Hà Nội","Kỹ thuật phần mềm","Hướng nội","Pizza","Thích đá bóng","không","Vui tính","10","10",""
"2022/09/26 12:31:53 pm GMT+7","Nguyễn Anh Tú","Nam","An Giang","Tự động hóa","Hướng nội","Ăn cơm","Thích đọc sách","không","Vui vẻ","10","10",""
"2022/09/26 12:32:32 pm GMT+7","Mã Thị Mai Huỳnh","Nữ","Bạc Liêu","Ngôn ngữ anh","Hướng ngoại 65% và hướng nội 35%, tôi thích nói chuyện với mọi người nhưng đồng thời tôi cũng có những lúc thích một mình ","Socola ngọt ngào có chút đắng","Đọc sách","không","Biết chia sẻ, thông cảm và lắng nghe","8","3",""
"2022/09/26 12:33:34 pm GMT+7","Nguyễn Đình Quốc Ân","Nam","Hồ Chí Minh","Kỹ sư điện","Hướnh ngoại","Phở , hamburger , mì","Hát","không","Tĩnh lặng","10","10",""
"2022/09/26 12:50:49 pm GMT+7","Lê Linh Minh","Nữ","Hà Nội","Marketing","Hướng nội thích ở 1 mình, ko thích  đi chơi","Ăn cơm gia đình tự nấu","Xem youtube ngủ nghỉ ngơi","không","Yên tĩnh","5","8",""
"2022/09/26 1:37:19 pm GMT+7","Mai Hữu Thanh ","Nam","Bình Định","Kinh tế xây dựng ","Hướng nội tích cực ","Ăn được uống được ","Vẽ ","Có","Vui tính","9","8",""
"2022/09/26 1:55:45 pm GMT+7","Dương viễn thạch","Nam","Khánh hoà","9","Hướng nội","Bún đậu","Bóng rổ","không","Vui vẻ","8","8",""
"2022/09/26 1:56:01 pm GMT+7","Thái Bình Phú Thạnh","Nam","Bà Rìa Vũng Tàu","An Toàn Thông Tin","là một người nhiệt tình, hoạt bát, yêu thiên nhiên","lẩu cá đuối","bóng đá","không","gọn gàng , ngăn nắp","10","9",""
"2022/09/27 9:06:01 am GMT+7","Đào Bảo Trâm","Nữ","Thành Phố Hồ Chí Minh ","Kỹ Thuật Phần Mềm ","Hướng ngoại nhưng có xu hướng thích ở một mình (hoặc thêm người nhưng được yên tĩnh)","Đồ ăn vặt hoặc đồ hàn, nhật, đồ ngọt","Bóng rổ, đọc sách, xem phim, âm nhạc ( nghe nhạc), đàn guzheng","không","gọn gàng, trầm tính, cùng chuyên ngành/ sở thích","9","7",""
"2022/09/27 2:01:27 pm GMT+7","Nguyễn Khánh Linh","Nữ","Hải Phòng","Thương Mại và Logistics","Ít nói, hoà đồng nhưng cũng thích ở một mình","Đồ ăn ngọt","Đọc sách","không","Hoà đồng, tôn trọng không gian riêng tư ","9","9",""
"2022/09/27 9:15:57 pm GMT+7","Nguyễn Thu Thảo","Nữ","Hải Phòng","Quản trị kinh doanh","Hướng ngoại, thích kết bạn ","đồ ăn Hàn Quốc","online shopping","không","sạch sẽ, gọn gàng","10","9",""
"2022/09/29 11:41:32 am GMT+7","yen vy","Nữ","Ho Chi Minh","Kinh doanh quốc tế","ambivert","đồ ăn nhanh","nghe nhạc","không","sạch sẽ ngăn nắp, tinh ý","8","9",""
"2022/09/29 1:43:17 pm GMT+7","Diễm Quỳnh","Nữ","Gia Lai","Kinh doanh quốc tế","hướng nội thích không gian yên tĩnh","bánh mì, cà phê sữa, đồ ngọt","thích đọc sách, thư giãn, pha chế, nấu ăn","không","chăm chỉ, sạch sẽ, vui vẻ, thật thà","8","10",""
"2022/09/30 5:34:49 pm GMT+7","Nguyễn Ngọc Thạch","Nam","Bạc Liêu","Kỹ thuật điện","Vui vẻ hoà đồng","Đồ ăn nhanh và coca","Chơi hame","Có","Vui vẻ hoà đồng","8","9",""
"2022/09/30 5:55:00 pm GMT+7","Phan Văn Phúc","Nam","Việt Nam","Kỹ thuật ô tô ","Dễ tính, xàm , nói nhiều ","Mì Nước lọc","Chơi yasua","Có","Rich","7","7",""
"2022/09/30 6:01:01 pm GMT+7","Võ Quang Vinh","Nam","Đồng Tháp","Công nghệ kỹ thuật ô tô","Là một người khiêm nhường và có lòng tự trọng","thịt kho mắm ruốc, mắm chưng, cá tra nhúng giấm, sinh tố bơ, nước ép thơm","học tiếng Nhật","không","Cùng ngành học, ham học, vui tính, hòa đồng, hoạt bát","8","7",""
"2022/09/30 7:44:14 pm GMT+7","Hồ Vịnh Nghi","Nữ","Vũng Tàu","Kinh doanh quốc tế","Đôi lúc hướng ngoại đôi lúc hướng nội","Mỳ cay","Học ngoại ngữ","không","Người hoà đồng, hài hước, quan tâm","9","7",""
"2022/09/30 11:29:21 pm GMT+7","Nguyễn Khánh Thư","Nữ","Tiền Giang","Kinh doanh quốc tế","Thích yên tĩnh, thích ở 1 mình, ghét phiền phức, không thích giao tiếp với người lạ ","Cà phê","Nằm dài nghe nhạc, uống cà phê","không","Sạch sẽ, yên tĩnh, không câu nệ tiểu tiết","9","10",""
"2022/10/01 9:50:49 am GMT+7","nguyễn thu thảo","Nữ","Hải phòng","quản trị kinh doanh","thích kết bạn","đồ ăn healthy","nấu ăn","không","không có ạ","9","9",""
"2022/10/01 10:22:36 am GMT+7","Duong Tuan Anh","Nam","BRVT","Tài chính","thích tự do","đồ ăn nhà nấu","thể thao, chăn nuôi","không","hòa đồng","9","10",""
"2022/10/01 4:23:27 pm GMT+7","Lâm Bảo Nhi ","Nữ","Kiên Giang ","Kinh tế ","Là một người ít nói hướng nội ","Bún đậu, mì cay, nước ép","Bơi lội, xem phim, nấu ăn ","không","Vui tính, hoà đồng","7","7",""
"2022/10/02 10:59:52 pm GMT+7","Mai","Nữ","Hà Nội","Marketing","Tính cách thất thường","Cứ đồ ăn là thích","Xem phim, mua sắm","không","Biết điều","7","10",""
"2022/10/03 9:50:53 am GMT+7","Nguyễn Hoàng Kim","Nữ","Hà Nội","Quản trị kinh doanh ","Hướng nội","Khoai tây, trà","Vẽ","không","Dễ gần, không thảo mai","8","7",""
"2022/10/03 10:45:55 am GMT+7","Trần Thị Minh Thư","Nữ","Đồng Tháp","Quản trị rủi ro tài chính.","Hướng nội","Mì cay","Toán","không","Biết nghĩ","8","10",""
"2022/10/03 10:58:28 am GMT+7","Lê Quang Khanh","Nam","thị trấn Thịnh Long, huyện Hải Hậu, tỉnh Nam Định","Kinh doanh thương mại","Hướng trung (Ambivert) lúc thích một mình, nhưng không phải e sợ đám đông","Ăn pizza, bánh gai, phở bò, bún chả","Nghiên cứu về tài chính","không","Sống thoáng, thoải mái, giao tiếp khéo léo không quá thô thiển, gọn gàng sạch sẽ. Rạch ròi về tiền bạc","9","7",""
"2022/10/03 2:17:12 pm GMT+7","Nguyễn Tú Uyên ","Nữ","Hà Nội","Khách sạn","Hướng nội - ngoại, nóng nảy - ưu tư, thích ở một mình- lúc thích nói chuyện nhiều người","Ăn đồ cay, và đồ bún phở việt nam","Tiền","không","Hài hước, sạch sẽ, chủ động, ngăn nắp, tinh tế, hiểu chuyện, thống minh","9","9",""
"2022/10/03 9:18:24 pm GMT+7","Bùi Thị Nhật Hạ","Nữ","Đăk Nông","KInh doanh quốc tế","Là một người nội, thích nghệ thuật","Nem nướng, rau má mix","Thích vẽ, hát","không","Hoà đồng, thấu hiểu, có cùng sở thích là một điểm cộng","7","8",""
"2022/10/03 9:43:28 pm GMT+7","Phạm Thị Dịu","Nữ","Hưng Yên","Marketing","Hướng nội, thích tận hưởng không gian 1 mình","Phở bò, pepsi","Lịch sử, văn học","không","Dễ tính, sạch sẽ, vui tính ","7","10",""
"2022/10/03 11:31:32 pm GMT+7","Han Dy","Nữ","Bình Dương","Kinh doanh quốc tế","Hướng nội nhưng thích làm social media","Bún bò, thịt nướng","Học ngoại ngứ","không","Có trách nhiệm, sạch sẽ","9","9",""
"2022/10/04 11:30:41 am GMT+7","Trần Khánh My","Nữ","HCM","Kinh tế","Hướng nội","Gà phô mai, trà sữa","Vẽ ","không","Người ít nói","9","10",""
"2022/10/04 11:45:31 am GMT+7","Phan Thị Tố Quyên","Nữ","Bến Tre","Đồ Họa","Có lúc hướng nội, lúc hướng ngoại","Cháo lòng, bún thịt nướng, bún rêu, olong","Làm gốm, vẽ, xem phim, ngủ:))","không","Vui vẻ, hòa đồng, cá tính, cởi mở","8","6",""
"2022/10/04 11:48:29 am GMT+7","Lữ Bùi Quang Nhân","Nam","Vĩnh Long","Truyền thông đa phương tiện","Hoà đồng, vừa thích một mình vừa thích đông vui","Thích đồ chay","Gym ","Có","Hoà đồng hoạt bát sạch sẽ","7","4",""
"2022/10/04 11:49:12 am GMT+7","Đỗ Thị Minh Thùy","Nữ","Long An ","GD","Thích ở 1 mình","Bánh mì kẹp, lẩu chay, nước dừa","Game, truyện, phim, tin khoa học, hóng drama ","không","Hoà đồng, có thể hoạt bát nhưng im lặng lúc cả phòng đang làm việc, giữ không gian riêng tư","7","9",""
"2022/10/04 11:51:05 am GMT+7","Huỳnh Ngọc Thanh Tuyền","Nữ","Tp hcm","Truyền thông","Hướng ngoại, thích đi chơi ở ngoài với bạn bè","Đồ bình dân hoi. ","Lưới fb","không","SẠCH! Gọn gàng!!!!","10","8",""
"2022/10/04 11:54:34 am GMT+7","Julia Nguyen","Nữ","TP HCM","Truyền thông Đa phương tiện","Hướng ngoại, dễ hòa nhập","Eatclean","Viết lách, nghe nhạc","không","Người hòa đồng, dễ tính, vui vẻ","7","8",""
"2022/10/04 11:59:09 am GMT+7","Nguyễn Ngọc Phượng","Nữ","Hồ Chí Minh","Kỹ thuật phần mềm","Ít nói","Cơm, rau","Đọc sách, đi chơi","không","Sạch sẽ, dễ nói chuyện","6","6",""
"2022/10/04 12:01:26 pm GMT+7","Lê Hoàng Nam","Nam","Hồ Chí Minh","Quản Trị Kinh Doanh","Là một người hướng nội thích ở một mình","Không quá kén chọn","Gym , game online","không","Hòa đồng, sạch sẽ ","10","10",""
"2022/10/04 12:02:16 pm GMT+7","Huỳnh Trang Thiên Kim","Nữ","Vũng Tàu","Thiết kế mỹ thuật số","Ít nói, thích ở một mình, hoà đồng","Sting, kem, xúc xích","Nghe nhạc","Có","Hoà đồng, có ý thức giữ vệ sinh chung, sạch sẽ","8","8",""
"2022/10/04 12:46:57 pm GMT+7","An","Nam","Hà Tĩnh","Đồ hoạ","Hướng ngoại","Món ăn Health","Thích chơi game","không","Muốn có bạn gái","10","6",""
"2022/10/04 12:55:03 pm GMT+7","Nguyễn Phương Mai","Nữ","HCM","Digital Marketing (BA)","thích 1 mình, lười làm việc nhà, không thích nói nhiều","các loại mì, cơm trộn, đồ cuốn
pepsi, nước trà (như c2, không độ), redbull
không thích cafe gói, chỉ thích cafe phin","thích bơi, thích xem tivi, thích ngủ, thích chơi game offline, đọc truyện tranh, xem mv ca nhạc, tụ tập với bạn bè, thích đồ ăn nhạt, tắm (2l/ngày), trang điểm, đi mua sắm

không thích: chạy bộ và các hoạt động phải chạy, nghe nhạc, đồ ăn ngọt, phim truyền hình, học nhóm online, call điện thoại, chạy xe","không","BIẾT ĐIỀU, biết cư xử
NÓI ÍT THÔI
ở sạch sẽ
chia việc nhà
có thể tin tưởng được (tiền bạc)
ngủ đừng ngáy
trình độ xấp xỉ như mình chứ đừng zốt quá nó ô dề lắm :b","7","7",""
"2022/10/04 12:56:21 pm GMT+7","Quân","Nam","Thanh Hoá","Truyền thông Đa phương tiện","Linh hoạt","Món nào mình thấy hợp thì đều thích ăn","học, coi phim, tham gia hoạt động ngoại khoá, du lịch, ăn uống","không","dễ tính, sạch sẽ, hoà đồng, vui vẻ","10","10",""
"2022/10/04 1:47:03 pm GMT+7","Bùi Thúy Quỳnh","Nữ","Hưng Yên","Truyền thông đa phương tiện","Người hướng nội cởi mở, thích tụ tập bạn bè thân thiết ở nhà","Bún chả, bánh xèo, bánh canh, nước dưa hấu ép,...","ca hát, vẽ, tâm lý học, thiết kế ","không","người có ý thức, trách nhiệm, hoạt bát và quan tâm mọi người","7","6",""
"2022/10/04 3:08:16 pm GMT+7","Lưu Mỹ Tâm","Nữ","Tp. Hồ Chí Minh","Quản trị Truyền thông Đa phương tiện","Hướng nội, thích ở 1 mình, cá tính mạnh","Pizza, spaghetti, khoai tây lắc, salad, các đồ ăn hỗ trợ cho việc giảm cân","Cờ vua, hội hoạ, âm nhạc, ngoại ngữ","không","Có kỷ luật, nề nếp, hoà đồng, vui tính","9","10",""
"2022/10/04 7:50:44 pm GMT+7","Hồ Nguyễn Nghi Dung ","Nữ","Kon Tum ","Thiết kế đồ họa","ít nói","Cơm, cà phê, trà","Đọc truyện, ngủ","không","dễ gần, hòa đồng","7","8",""
"2022/10/04 7:54:32 pm GMT+7","Trần Bảo","Nam","Biên Hòa","Đồ họa","Trung lập","Không rõ","Xe cộ","không","Đàng hoàng là được","8","5",""
"2022/10/04 10:20:17 pm GMT+7","Hồng Nhật Dương","Nam","Bạc Liêu","Kỹ thuật phần mềm","Một người hướng ngoại làm biếng, thích ở một mình","Trái cây, rau củ","Trang trí phòng ngủ","không","Ngăn nắp là được","10","3",""
"2022/10/05 10:02:16 am GMT+7","Nguyễn Thị Ý Nhi","Nữ","Lâm Đồng","Kinh Doanh Quốc Tế","Kiểu người vừa hướng nội vừa hướng ngoài.","Hơi kén ăn 1 chút, thích uống trà sữa ạ :v 
","Tâm lí học, thiết kế ","không","Người biết lắng nghe, học giỏi 1 chút (nhưng không tự cao, cái tôi lớn), vui tính hòa đồng, người kiên định không ba phải hùa theo đám đồng, ","8","9",""
"2022/10/05 10:20:27 am GMT+7","Trần Hiếu","Nam","Biên Hoà","Truyền thông đa phương tiện","không phải hướng nội nhưng không thích chỗ đông người","tất cả các loại mì","vẽ","không","sạch sẽ, gọn gàng, có trách nhiệm","9","10",""
"2022/10/05 4:31:50 pm GMT+7","Nguyễn Thị Khánh Lu","Nữ","Vũng Tàu","Truyền thông đa phương tiện","Ít nói, hướng nội, nhưng vẫn hoà đồng và vui vẻ","Các món về tôm, lẩu, đồ ăn chay, ức gà, sữa đậu nành, ngũ cốc, nước ép.","Nghe nhạc, đọc sách, thiết kế, vẽ, chơi game","không","1 người vui tính, hoà đồng, có thói quen dọn dẹp ăn ở sạch sẽ, nhưng đừng quá ồn ào.","9","9",""
"2022/10/05 5:32:44 pm GMT+7","Vu Phuc Anh Duong","Nữ","Đồng Nai","Truyền thông Đa phương tiện","hướng ngoại full time, hướng nội part time, thích trò chuyện, dễ quạu dễ nguôi, thích mọi thứ có trật tự, ngăn nắp dù hay bày bừa (xong rồi dọn ngay), thích sự an toàn dù chạy xe ẩu (ý là cái gì cần phải xảy ra thì phải đảm bảo nó được xảy ra, hoặc có backup), hay dài dòng, v.v","Drink: (ưu tiên) nước lọc, nước trà, nước trái cây, nước thảo mộc, sương sáo các thứ
Food: cái gì cũng ăn được. Thích rau, củ, quả, trứng, cá, các món nhiều gia vị và mùi hương (hành tỏi tiêu ớt sả đầy đủ), ăn được đồ nặng mùi và 7749 loại mắm. không thích đồ ăn chứa quá nhiều dầu và chất béo hay phô mai. không ăn được cua :3","Nghe nhạc, xem phim, hát, tấu hài, dọn dẹp, vận động thể lực (nhẹ), vẽ, tám chuyện, chụp ảnh, đi dạo ngắm cây","không","gọn gàng sạch sẽ, dễ ăn uống, không quá kĩ tính, hòa đồng, không tệ nạn, biết lắng nghe/ tôn trọng lẫn nhau, ngành gì cũng được (khác ngành thì dễ nhờ hơn :>), v.v","8","6",""
"2022/10/05 8:26:07 pm GMT+7","Phạm Thị Thanh Thanh","Nữ","TP.HCM","Truyền thông Đa phương tiện","Khá hướng nội. thích sạch sẽ, thích yên tĩnh","Trà sữa","Vẽ, lướt MXH","không","Vui tính, hoà đồng, thích nói chuyện, gọn gàng","8","9",""
"2022/10/06 7:31:06 am GMT+7","Trương Thành Long","Nam","Huế","Truyền thông đa phương tiện","Một người hướng nội nhưng cũng thích xã giao với mọi người","Mình thích ăn các loại đồ ngọt, đặc biệt là chè","Mình thích xem phim, nghe nhạc","không","Người hòa đồng, có trách nhiệm và đáng tin cậy","8","7",""
"2022/10/06 8:11:39 am GMT+7","Nguyễn Hà Trúc Quỳnh","Nữ","Thái Bình","Kinh doanh quốc tế","Ít nói, dễ ngại, nhưng không hẳn hướng nội :))","Fanta vị nho : D","Kpop, chiêm tinh học, thần số học, tiếng anh...","không","Mình chỉ cần người đàng hoàng và có ý thức là được","10","10",""
"2022/10/06 8:49:46 am GMT+7","Nguyễn Thị Hồng Cẩm","Nữ","Hồ Chí Minh","Quản Trị Kinh Doanh","Hướng nội","Trà chanh","Travelling","không","Đừng quá bừa bộn, nhiều chuyện","8","1",""
"2022/10/06 9:07:52 am GMT+7","Trần Ngọc Anh","Nữ","Nam Định","Quản trị doanh nghiệp","Lowkey","Thích đồ healthy","bơi lội","không","vui vẻ, hoà đồng","10","10",""
"2022/10/06 10:04:21 am GMT+7","Cao Gia Khang","Nam","An Giang","CNKT In","Hoà đồng, thân thiện","Gà rán, mì gói, pepsi,...","Anh văn, đá bóng, chơi game,..","không","Vui tính, dễ nói chuyện, hoà đồng.","7","9",""
"2022/10/06 12:20:06 pm GMT+7","Nguyễn Hương","Nữ","HCM","Quản trị kinh doanh","Một người vui vẻ và hoà đồng với mọi người","Món nào chay đều thích","Xem phim","không","Vui vẻ chân thật","8","7",""
"2022/10/06 2:02:02 pm GMT+7","Tri Ng","Nam","HCM","Quản trị","hướng nội ít nói ","phở, bún bò, cơm tấm","chơi game, nghe nhạc","Có","sạch sẽ, ngăn nắp, biết tôn trọng người khác","7","10",""
"2022/10/06 5:00:21 pm GMT+7","Trâm Anh","Nữ","Bình Phước","Truyền thông","một người ít nói hướng nội và thích ở một mình, lowkey,.... nhưng thích trải nghiệm điều mới","trừ đồ đắng ra thì mình đều ăn được","âm nhạc và du lịch, đọc sách, truyện,...","không","thoải mái là ổn","8","8",""
"2022/10/08 1:45:47 pm GMT+7","LỮ THANH HIỆP","Nam","BÌNH ĐỊNH","kỹ thuật phần mềm","Ít nói với người lạ, trầm tính.","Thích đồ chiên và nướng","Đá bóng, giải đố","không","Cùng ngành, sạch sẽ, hoà đồng","9","8",""
"2022/10/08 1:45:54 pm GMT+7","Dương Viễn Thạch","Nam","Khanh Hoa","AI","Huong Noi","Bún đậu","Bóng rổ","không","Vui tính","8","8",""
"2022/10/08 1:50:59 pm GMT+7","Nguyễn Duy Tùng","Nam","Đồng Nai","KTPM","Hướng nội, thích tự do và riêng tư","Đồ nướng, cà phê","Video Game","không","Hòa đồng, sạch sẽ, không soi mói","7","9",""
"2022/10/08 2:01:45 pm GMT+7","Nguyễn Tấn Phúc","Nam","Quảng Ngãi","Thiết kế đồ hoạ","Nói nhiều, hướng nội, cực đoan","Bánh ngọt","Vẽ, coi phim, chơi game","không","Người vui tính, tốt bụng, siêng","5","8",""
"2022/10/08 2:03:52 pm GMT+7","Đào Lê Nhật Tân","Nam","TP.HCM","Thiết kế mỹ thuật số","Một người hướng nội, nhát bắt chuyện với người lạ","Mì tương đen","Vẽ, đọc sách, chơi game","không","Hoà đồng, hoạt bát, thân thiện","9","8",""
"2022/10/08 2:04:57 pm GMT+7","Hồ Thị Thanh Thảo","Nữ","Kon Tun","Thiết kế đồ hoạ","Hướng nội, cần nhiều riêng tư","Cơm nhà","Vẽ, xem phim","không","Sạch sẽ, có trách nhiệm, thân thiện","8","9",""
"2022/10/08 2:17:02 pm GMT+7","Phạm Thanh Tâm","Nữ","Bình Định","Sinh học","Hướng nội, ngoại","Matcha đá xay","Mua sắm","không","Hòa đồng, vui vẻ","5","7",""
"2022/10/08 2:24:30 pm GMT+7","Nguyễn Tấn công ","Nam","Bac liêu","Kỹ thuật phần mềm ","Nói nhiều hướng ngoại thích đi đây đó "," hamburger","Câu cá đá bóng ","không","Vui tính hòa đồng ","6","5",""
"2022/10/08 2:34:21 pm GMT+7","Phan Thị Bảo Thanh","Nữ","Hồ Chí Minh","Thiết kế đồ hoạ","Hướng nọpi","Paparoti","Nhiếp ảnh","Có","Người biết lắng nghe","7","10",""
"2022/10/08 2:34:56 pm GMT+7",".","Nữ","Ho chi minh","Thiết kế mỹ thuật số","Ồn ào","Mì ý","Ngủ","không","Lắng nghe","9","6",""
"2022/10/08 2:36:41 pm GMT+7","Bùi Gia Hân","Nữ","Trà Vinh","Thiết kế đồ hoạ","Hướng nội, nhạy cảm, nội tâm ","Trà sữa double trân châu","Chơi game","không","Tốt bụng, không khó tính, dễ chung sống","7","9",""
"2022/10/08 2:38:14 pm GMT+7","Lưu Khánh Hân","Nữ","Hồ Chí Minh","Thiết kế đồ hoạ","Nửa nội nử ngoại","Udon ","Nghe nhạc","không","Hoà hợp","8","10",""
"2022/10/08 2:41:57 pm GMT+7","Võ Phương Linh","Nữ","Bình Dườn","Digital Marketing","Ở giữa hướng nội và hướng ngoại. Hướng ngoại part time","Các món nướng, chiên","Thích đọc truyện, chơi game","không","Vui tính, hoà đồng, sạch sẽ, chăm chỉ","8","7",""
"2022/10/08 2:42:33 pm GMT+7","Đoàn Phạm Bích Hợp","Nữ","Phú Yên","Kĩ thuật phần mềm","Hướng nội part time .. thường là hướng ngoại với ng quen nhma hướng nội với người lạ","Gà","Bơi lội","không","Vui tính, dễ nói chuyện, tiền bạc rõ ràng, biết làm việc nhà, chia việc nhà thì phải lm, gọn gàng, dùng đồ của ng khác thì phải biết mượn","8","10",""
"2022/10/08 2:43:24 pm GMT+7","Huỳnh Uyên","Nữ","Quảng Nam","Thiết kế đồ hoạ","Hướng ngoại","Đồ hàn","Xem phim","không","Thích 1 mình","9","9",""
"2022/10/08 2:46:02 pm GMT+7","LÊ THỊ THANH THANH","Nữ","BÌNH DƯƠNG","SINH HỌC","VỪA HƯỚNG NGOẠI VỪA HƯỚNG NỘI ","THỨC ĂN GÌ NGON ĐỀU YÊU THÍCH","NGHE NHẠC , XEM PHIM","không","HIỀN HÒA , GỌN GÀNG","7","8",""
"2022/10/08 3:51:09 pm GMT+7","Trần Bảo Khanh","Nữ","Vũng Tàu","Kinh doanh quốc tế","Em thích ở tập thể nhưng có không gian riêng. Em hướng nội hướng ngoại part time","Em thích các loại bún ạ","Em thích chơi nhạc cụ, học ngoại ngữ","không","Em thích ở chung với người tôn trọng khoảng cách và điểm khác biệt giữ 2 đứa. Không quá xen vào cuộc sống của nhau. Không phán xét, đánh giá, áp đặt sở thích, suy đoán, ý kiến của mình lên bạn cùng phòng","8","6",""
"2022/10/08 3:57:56 pm GMT+7","TRẦN NGUYỄN THU QUỲNH","Nữ","TP Cần Thơ","Quản trị dịch vụ du lịch và lữ hành","Ít nói, hướng nội","Không có cụ thể thích 1 món ăn hay đồ uống nào","Thích đọc truyện, nghe nhạc và học Tiếng Anh","không","Hoạt bát, biết chia sẻ công việc trong phòng, sạch sẽ, tự giác","8","9",""
"2022/10/08 11:37:43 pm GMT+7","Nguyễn Trọng Thanh","Nam","Hải Dương","Quản trị sự kiện","Đôi lúc hướng nội và đôi lúc hướng ngoại","Mình ăn thích ăn đồ healthy và ít đường, ít mỡ","Đá bóng, Tiếng Anh","không","Bạn cùng phòng phải là người sạch sẽ, gọn gàng, ngăn nắp. Biết tuân thủ lợi ích chung.","10","8",""
"2022/10/09 12:09:15 am GMT+7","Đoàn Nhật Minh","Nam","Hà Tĩnh","An toàn thông tin","Nghiêm túc, Logic","Pepsi, Thịt nướng","Code, hacking","không","Người ít nói, chăm chỉ, không nóng tính","10","10",""
"2022/10/09 7:16:30 am GMT+7","Huyền ","Nữ","Hà Nội ","Kinh tế ","Hướng nội ","Bánh mì","Chơi","không","Cùng ngành","10","10",""
"2022/10/09 1:45:21 pm GMT+7","Ha","Nữ","SG","Business","Vui vẻ","Salad","Ko","không","Ko thích share phòng","8","5",""
"2022/10/09 3:58:46 pm GMT+7","Bùi Thị Huyền Thanh","Nữ","Gia Lai","Ngôn ngữ Anh","Nhiệt tình, quyết đoán, thích giao lưu","Bánh canh, hủ tiếu, mì, phở…","Chơi game, xem phim Hàn","không","Cùng ngành, hoặc cùng trường, sinh hoạt cú đêm giống mình hihi","8","2",""
"2022/10/09 4:00:40 pm GMT+7","Lê Thị Minh Huyền","Nữ","Hồ Chí Minh","Ngôn ngữ Anh","Hướng ngoại, Thích giao tiếp","Kem","Đọc truyện, Xem phim","không","Thích ăn ngoài cùng mình, Ngăn nắp","10","10",""
"2022/10/09 4:02:40 pm GMT+7","Lương Thị Chúc Ly","Nữ","Hồ Chí Minh","Ngôn ngữ anh","Lạc quan năng động, tích cực","Bún thịt nướng, bánh mì thịt xá xíu","Vẽ tranh, xem anime, thể dục","Có","Vui vẻ nhiệt tình, Hoà đồng, Lịch sự","10","8",""
"2022/10/09 4:04:36 pm GMT+7","Nguyễn Duy Thái","Nam","Trà Vinh","Kỹ thuật phần mềm","Hướng nội, Lắng nghe, Tích cực","Gà Rán, Bún đậu","Xem phim, đá bóng, gym","Có","Không quá nóng tính, Hoạt bát","8","8",""
"2022/10/09 4:06:43 pm GMT+7","Mai Thị Ngọc Trâm","Nữ","Hà Nội","MC","Ưa mạo hiểm, Tích cực, vui vẻ","Kem, Bánh ngọt","Xem TV series, Chụp ảnh","không","Biết lắng nghe, giữ vệ sinh","10","10",""
"2022/10/09 5:20:30 pm GMT+7","Chu Uyên","Nữ","Phú Thọ","Marketing","ít nói nhưng thích đám đông, thích đi chơi với bạn bè, người thân","gà rán, mỳ tôm, nem nướng nha trang, bún trộn","nghe nhạc, bơi lội, chơi game","không","vui tính, nói nhiều, chăm chỉ, sạch sẽ, hiền, ham chơi","3","7",""
"2022/10/09 11:19:39 pm GMT+7","Mạc Ngọc Gia Hân ","Nữ","Cần Thơ","Kinh doanh quốc tế ","Hướng nội","Cheese fries ","Đọc sách","không","Ít nói, không nhiều chuyện","10","10",""
"2022/10/09 11:25:44 pm GMT+7","Lê Uyên Bảo Nhi","Nữ","TPHCM","Kế toán","hoạt bát, thích ngoại giao, thoải mái khi gia nhập vào tập thể","đồ ăn: các món nước (bún, phở); thức uống: nước có ga","toán, kĩ thuật, khoa học","không","có thể là người hoạt bát giống mình hoặc ít nói nhưng biết lắng nghe. ","8","9",""
"2022/10/09 11:34:08 pm GMT+7","Lê Thị Thanh Trúc ","Nữ","An Giang ","Kính doanh thương mại ","Hơi hướng nội, thích ở một mình nhưng vẫn hoà đồng giao tiếp tốt với mọi người ","Mì cay, bò nea, gà rán, khoai lang lắc, trà sữa, sữa bắp","Đọc truyện, xem các show giải trí thực tế, nghe nhạc","không","Là một người biết cách bắt đầu câu chuyện tại vì mình ít nói, tôn trọng ý kiến của nhau, không đòi mói, ngay thẳng, hoà đồng","7","9",""
"2022/10/09 11:35:36 pm GMT+7","Lê Thị Bảo Quý ","Nữ","Cần Thơ ","Kinh doanh thương mại ","Là người thích ở một mình ","Thích uống trà sữa ","Thích đọc sách ","không","Người hướng ngoại, hòa đồng, biết đều","8","10",""
"2022/10/10 12:23:44 am GMT+7","Thanh Quyền","Nữ","TP HCM","Ngân hàng","một người ít nói hướng nội và thích ở một mình","mì cay trà sữa","xem phim, truyện","không","hòa đồng, thân thiện","7","9",""
"2022/10/10 12:32:20 am GMT+7","Phạm Đinh Hương nguyên","Nữ","Cần Thơ","Kinh doanh quốc tế","hướng nội, ít nói, khó chịu, cọc cằn, nhạy cảm","miến trộn, gà rán","shopping","không","người hiểu chuyện, không vô duyên, biết tôn trọng, lắng nghe, sạch sẽ, ăn mặc ổn, vui tính, cùng tần số, lịch sự","5","10",""
"2022/10/10 12:33:52 am GMT+7","Phạm Anh","Nữ","Tphcm","Marketing","Hướng nội thích ở một mình","Mì gói, mì trộn, nước ngọt miễn là nước ngọt có ga , trà olong,.","Đọc truyện, xem phim, chơi game","không","Người nào cũng được nhưng biết giữ không gian riêng tư cho đối phương","8","10",""
"2022/10/10 1:53:30 am GMT+7","Nguyễn Khánh Linh","Nữ","Hải Phòng","Thương Mại & Logistics","Ít nói, thích không gian riêng","Đồ ăn ngọt","Chụp ảnh và đi du lịch","không","Vui vẻ hoà đồng nhưng tôn trọng không gian cá nhân của nhau","9","9",""
"2022/10/10 6:41:22 am GMT+7","Lê Nguyễn Thu Ngân ","Nữ","An Giang ","Thương mại điện tử ","Hoà đồng","Gà rán","Cầu lông","không","Vui tính","10","10",""
"2022/10/10 12:33:30 pm GMT+7","Thái Võ Trung Nghĩa","Nam","Tiền GiangS","Kỹ thuật phần mềm","một người ít nói hướng nội và thích ở một mình","bánh mì","code, nghe nhạc, ngủ","không","vui vẻ, sạch sẽ","10","5",""
"2022/10/10 1:29:17 pm GMT+7","Ngô Thị Hải Yến ","Nữ","Bắc Giang ","Marketing","Đôi khi ko thích chia sẻ nhiều lắm, nhưng lúc high thì lại muốn nói rất nhiều, thích có ko gian riêng tư 1 mình, ","Bánh tráng bún đậu trà sữa","Nghe nhạc xem phim đi lượn đường","không","Vui tính, thíc người hay nấu ăn biết mặc cả =)) vì mình ko biết mặc cả hihi, tinh tế, ko so đo ","7","8",""
"2022/10/10 1:49:25 pm GMT+7","Nguyễn Lâm Mỹ Quỳnh ","Nữ","Cần Thơ ","Quản trị kinh doanh ","Vừa hướng nội vừa hướng ngoại tùy hoàn cảnh ; không thích nơi quá ồn ào ; không thích người nói nhiều ; không thích nói đùa ; nhớ dai nhưng cũng dễ bỏ qua ; không thích chia sẻ tâm sự ; không thích bị quản lý ; hơi vô tâm ; dễ xúc động ; cái tôi cao ; có tham vọng ; hoàn  toàn tự hào khi làm tốt 1 công việc được giao","Các loại Thức ăn nhanh , trừ những món liên quan tới Cá ; các dòng nước ngọt đều thích ","Nghe nhạc mọi lúc mọi nơi ; đọc tiểu thuyết ; thiết kế hình ảnh logo banner poster","không","Hòa đồng, vui tính, có thể đấu tranh với sự vô tâm ít nói của mình, nhưng không làm phiền người khác hay nhờ vả. Có thể nhanh chóng nắm bắt cảm xúc và hòa nhập vào câu chuyện hay tình huống. Là người có thể đưa ra lời khuyên nhưng không quá lố và tự cho mình là đúng. ","7","8",""
"2022/10/10 6:11:30 pm GMT+7","Lê Nguyễn Anh Đào","Nữ","Đà Nẵng","Kinh doanh thương mại","Vừa hướng nội, vừa hướng ngoại, thích ở một mình","lẩu kim chi, mì cay, xoài lắc","thích chơi cầu lông, xem phim","không","Bạn cùng phòng phải là người hiểu chuyện, lịch sự, sạch sẽ và chịu đi chơi với tôi","9","7",""
"2022/10/10 9:29:43 pm GMT+7","Tiêu Thị Tuyết Hoa","Nữ","TP. HCM","Luật","người hướng ngoại, thích đám đông và nói rất nhiều","Eat-clean, thích ăn những món ăn không quá đậm vị","thích tranh biện, thích những gì cần tư duy logic","không","Tính cách thẳng thắn nhưng không vô duyên, học tốt, hoạt bát, nói nhiều, ăn nhiều, người chịu chia sẻ cảm xúc của bản thân.","7","10",""
"2022/10/11 6:40:01 am GMT+7","Nguyễn Thùy Linh","Nữ","TP.HCM","Marketing","Năng động, cần cù, tích cực","Mỳ cay","Thiên văn học","không","Điềm tĩnh, sạch sẽ, hiền","9","10",""
"2022/10/11 7:22:06 am GMT+7","Đặng Minh Tuấn","Nam","Hồ Chí Minh","Trí Tuệ Nhân Tạo","Thích tìm hiểu và áp dụng công nghệ mới","Cơm, bánh mì, stings, coca cola, mì gói","Đọc sách","không","Thích công nghệ, không quá ồn ào, sạch sẽ","9","9",""
"2022/10/11 7:36:53 am GMT+7","LÊ NGUYỄN ĐỨC HUY","Nam","Bình Định","Kinh doanh quốc tế","có xu hướng ambivert, nghiêng về hướng ngoại và thích kết bạn","Bánh mì","Esports","không","Người có tính cách vui vẻ, dễ chịu, thích các hoạt động nhóm, đi chơi bên ngoài.","10","7",""
"2022/10/11 8:39:46 am GMT+7","Trần Thịnh","Nam","TP.HCM","Kỹ thuật phần mềm","thường thích ở một mình, ít nói với người lạ,  hay giận vu vơ","nui xào, gà rán, thịt xào nấm mèo, bánh mì, C2, Fanta, Sting","chơi game, xem tin tức công nghệ, nghe nhạc","không","sạch sẻ, biết tôn trọng không gian riêng, có trách nhiệm và ý thức","8","10",""
"2022/10/11 1:22:42 pm GMT+7","Gia Bảo Đặng","Nam","Vũng Tàu","Graphic Design"," là một người hướng nội và thích ở một mình","Bò kho, Cơm tấm, Bánh mì, Trà sữa","Cầu lông","không","không thích chung phòng","8","10",""
"2022/10/11 2:10:30 pm GMT+7","Hoàng Ngọc Thiện","Nam","Ninh Bình","An Toàn Thông Tin","một người ít nói hướng nội, thích làm việc và ở một mình, có phần hơi thích kiểm soát","mì xào, các loại trà trái cây và bánh mỳ","Chơi game , mầy mò linh kiện máy tính, bơi lội, bóng rổ","không","ngành công nghệ thông tin, tính tình vui tính, hòa đồng","8","7",""
"2022/10/11 2:34:33 pm GMT+7","Sonic","Nam","TP Hồ Chí Minh","Music, pianist","Thích ở nhà hơn là ở ngoài, lười giao tiếp...","Phở, nước C2 chanh và táo","chơi game, coi phim anime và holywood","không","Có tình nghĩa huynh đệ","10","6",""
"2022/10/11 5:36:01 pm GMT+7","Nguyễn Quốc Vinh","Nam","Phú Yên","Kĩ Thuật Phần Mềm","Lúc này lúc kia","Có ăn là được","Bơi","không","Giàu","8","8",""
"2022/10/11 5:36:12 pm GMT+7","Nguyen Xuan tien","Nam","Quy Nhon","SE","Huong noi va thich o mot minh","Coca, pepsi, 7up, sprite, revive, moutain dew, mi tom, cơm, bánh mì...","thiên văn học, toán, vân vân...","không","toi khong có roommate","9","5",""
"2022/10/11 5:36:52 pm GMT+7","Âu Hoàng Phước ","Nam","Hồ Chí Minh","Ngôn ngữ Anh","Thích yên tĩnh ","Kfc","Đọc truyện, game","không","thân thiện ","7","8",""
"2022/10/11 5:37:12 pm GMT+7","Ngô Duy Thịnh ","Nam","Quảng Nam ","Trí tuệ nhân tạo ","Ít nói hướng nội và thích ở một mình","Bún bò, bánh canh, bánh bèo, mỳ quảng","Esport","không","Hòa đồng","6","3",""
"2022/10/11 5:38:17 pm GMT+7","Ngô Thị Kim Loan","Nữ","Hải Dương","Kỹ thuật phần mềm ","Cũng có lúc hướng nội có lúc hướng ngoại, mình là ng dễ giao tiếp","Đồ ăn Hàn Quốc, ăn vặt","Đi dạo, đi ăn ","Có","Sạch sẽ, hoà đồng, hiểu biết","7","9",""
"2022/10/11 5:38:49 pm GMT+7","Sơn","Nam","Hcm","Se","Thích sống ở trọ ","Mì gói","Chơi game, đọc sách","không","Chung sở thích, sạch sẽ","9","7",""
"2022/10/11 5:41:39 pm GMT+7","Vũ Thanh Tâm ","Nữ","Thành phố Hồ Chí Minh ","Thiết kế đồ họa ","Một người hoà đồng thích, vui vẻ, có quy tắc riêng, thích sạch sẽ ","Ăn đồ tốt cho sức khỏe ","Xem phim, thường thức tác phẩm nghệ thuật ","không","Người sống có quy củ, dễ thương, đừng ham chơi 🤡 vì mình sẽ chơi cùng, siêng năng ","10","10",""
"2022/10/11 5:42:40 pm GMT+7","ABC","Nam","Vũng Tàu","Kỹ thuật phần mềm","hướng nội","bún bò","đá bóng","không","vui vẻ - hài hước","9","3",""
"2022/10/11 5:43:29 pm GMT+7","Nguyễn Thị Bích Trâm","Nữ","Quảng Nam","Ngôn ngữ Nhật","hướng nội ít nói nhưng hoà đồng thân thiện","bún bò, mỳ hoành thánh, nước ép trái cây, đồ cay","đọc sách, nghe nhạc, đi tản bộ","không","gọn gàng, giữ vệ sinh và có trách nhiệm ","9","9",""
"2022/10/11 5:44:03 pm GMT+7","Dương Cẩm Nhung","Nữ","Quảng Bình","Kỹ thuật phần mềm","hướng nội","ăn hải sản","vẽ","không","vui tính","10","10",""
"2022/10/11 5:44:14 pm GMT+7","Trương Lê Hiếu Trọng","Nam","Bình Định","Kỹ thuật phần mềm ","Khá hòa đồng dễ bắt chuyện ","Coca ","Đọc truyện viết code","không","Hòa đồng , dễ nói chuyện ","5","5",""
"2022/10/11 5:47:06 pm GMT+7","Cao Nguyễn Hoàng Hiệp","Nam","Đắk Lắk","Kỹ thuật phần mềm","Thích ở một mình","Gà rán, Pizza","Coding, Xem phim","không","sạch sẽ, vui tính","8","10",""
"2022/10/11 5:51:02 pm GMT+7","Nguyen Hoang Nam","Nam","TPHCM","kĩ thuật phần mềm","mình ambivert","mình thích trà bí đao ngô gia, mì gói, coca","sở thích của mình là thay vì thoát khỏi áp lực, stress thì mình đâm đầu vô luôn","không","sạch sẽ và nói ít 
<3","10","5",""
"2022/10/11 5:59:04 pm GMT+7","Nguyễn Phương Nhi","Nữ","TP. HCM","Digital Marketing","Cầu toàn","Trà sữa","Kiếm tiền","không","Biết điều","7","8",""
"2022/10/11 6:01:34 pm GMT+7","Đặng hoàng huy","Nam","Bình dương","Kỹ thuật phần mềm","Thích ờ chỗ không đông người","Bánh cuốn","Chơi nhạc","không","Ai kiềm t việc t chơi ngu và ai đó chịu chơi ngu với t","7","6",""
"2022/10/11 6:01:35 pm GMT+7","Mai Nguyễn Tuấn Tú","Nam","Thanh Hoá","Ngôn ngữ Anh","Là một người khá là trầm tư, thích suy diễn mọi chuyện trên đời, ngại bộc lộ tâm tư tình cảm cá nhân với người khác.","Coca cola, thích ăn cay, cá viên chiên mắm tỏi, chanh muối ","Thích chơi game, nhạc cụ, bói toán, chiêm tinh, bói tử vi","Có","Hiểu chuyện, biết giữ gìn hoà khí chung, giữ vệ sinh nhà cửa sạch sẽ, không tính toán với bạn cùng phòng khác.","8","6",""
"2022/10/11 6:01:59 pm GMT+7","Trần Thị Vân Khánh","Nữ","Quảng Trị","Kỹ thuật phần mềm","Một người hướng nội thích sự im lặng","Socola, gà rán, kem","thiên văn học, nghe nhạc, đọc sách","không","Tôn trọng không gian riêng tư của người khác, sạch sẽ, chùi dọn phòng, im lặng vào ban đêm","9","10",""
"2022/10/11 6:06:27 pm GMT+7","Trần Minh Quốc Bảo ","Nam","Bình Thuận","Ngoại ngữ","Tôi là một người ít nói, hướng nội và thích ở một mình","Cơm tấm , bánh căn , gà rán hay đồ chiên ,bánh xèo và mì quảng","nghe nhạc và xem phim , đọc tiểu thuyết và truyện","không","Một người hiểu biết rộng , biết cách giúp đỡ trong những hoàn cảnh éo le( không nhất thiết cùng quê )","6","6",""
"2022/10/11 6:16:32 pm GMT+7","Hồ Minh","Nữ","Bạc Liêu ","Kỹ thuật phần mềm","Mình không hẳn ít nói nhưng cũng ngại nói chuyện với người khác, không thích cảm giác 1 mình lắm nhưng đi với nhiều người thì không biết phải nói gì, mình hk thích sự gượng ép","Không thích ăn cay lắm, thích bánh sandwich nướng, thích đồ ngọt, thích đồ ăn có trứng muối,...","Thích tiếng anh, nghe nhạc, xem phim,...","không","Người hài hước, biết chia sẻ khi ở chung với nhau, tiền bạc rạch ròi,...","8","6",""
"2022/10/11 6:35:34 pm GMT+7","Võ Minh Khôi","Nam","Tiền Giang","Kỹ thuật phần mềm","hướng nội, sống cống hiến, tự do","fastfood, nước ngọt có ga, mì xào mì trộn, các loại đồ ngọt như chè, bánh, kẹo, mứt; các loại món nước như hủ tiếu, bánh canh, bột sò, lẩu, mì gói, bún nước lèo,...; các loại thức ăn truyền thống của miền Nam như bánh xèo, bánh mì, bánh cam, bánh bò, bánh căn, bánh khọt, bánh tàu hủ. Các món nướng như cơm sườn, thịt nướng, hải sản nước, ........; Nói chung là mình thích ăn rất nhiều món :3","tìm hiểu những kiến thức đa ngành, tò mò về cách vận hành của xã hội, thế giới, của tự nhiên; thích làm những việc mình muốn (cái này hơi kì nhưng mà đúng), ko thích bị ép buộc","không","sạch sẽ, hòa đồng, tôn trọng không gian chung, thời gian của người khác, và có trách nhiệm","8","8",""
"2022/10/11 6:38:33 pm GMT+7","Phan Dinh Thien An","Nam","Long an","SE","Hướng nội","Ăn đồ ngon","Học công nghệ, chơi game","không","Đẹp","8","3",""
"2022/10/11 7:08:53 pm GMT+7","Phạm Huỳnh Xuân Đăng","Nam","HCM","Kỹ thuật phần mềm","Ít nói hướng nội và thích ở một mình","Trứng ốp la","Chơi game","không","Vui tính, hoà đồng","7","7",""
"2022/10/11 7:27:30 pm GMT+7","Võ Trung Hiếu","Nam","Chợ Lách","Trí Tuệ Nhân Tạo","Một người hướng nội và thích ở một đám","thích ăn cá thác lác chiên","chiêm tinh, phong thủy, kinh quẻ, đông y, pokemon","không","Ở sạch sẽ cẩn thận hiểu lễ phép và đặc biệt là tam quan đúng đắn ","10","8",""
"2022/10/11 7:51:31 pm GMT+7","Nguyễn Lê Nhật Trường","Nam","Đà Lạt","Software Engineer (SE)","Là một người ít nói, hướng nội và thích ở một mình","Trà đào, coffee chill, bánh ngọt chill, thức ăn chill,...","Thích chill, phá máy tính, vệ sinh máy tính, tháo, ráp PC, dân chơi hệ điều hành (Windows, MAC OS, IOS, Linux, Android,...)","không","Hiền, học giỏi (chung ngành càng tốt), có đạo đức, không quậy phá, cùng nhau đi chill","9","8",""
"2022/10/11 8:03:11 pm GMT+7","Trunng","Nam","Nghệ An","SelE","Là người hướng nội","Đồ chiên, và đồ nhướng","Ở nhà một mình","không","Vui tính, đơn giản","6","10",""
"2022/10/11 8:33:23 pm GMT+7","Đặng Ngọc Minh Trí","Nam","Huế","Kỹ thuật phần mềm","là một người ít nói hướng nội","Salad, thịt bò,....","đi chơi ngoài trời","không","ngành kỹ thuật, hòa đồng","8","8",""
"2022/10/11 8:52:54 pm GMT+7","Võ Văn Phương","Nam","Quảng Nam","Kỹ thuật phần mềm","Một người ít nói hướng nội và thích ở một mình.","Cơm tấm, phở, mỳ trộn,...","Cầu lông, gym, bơi, ...","không","Học chung ngành và có chung sở thích","7","8",""
"2022/10/11 8:58:44 pm GMT+7","Mai Thi Minh Thuong","Nữ","Binh Thuan","Ki Thuat Phan Mem","hướng nội","đồ ngọt","toán học","không","hòa đồng, biết điều","7","8",""
"2022/10/11 9:18:49 pm GMT+7","Phan Cảnh Tuấn","Nam","Nha Trang","Kỹ thuật phần mềm","là một người ít nói hướng nội và thích coi phim","cơm chiên trứng","coi phim hoạt hình","không","cùng sở thích","8","6",""
"2022/10/11 9:32:55 pm GMT+7","Nguyễn Duy Tân","Nam","HCM","Kỹ thuật phần mềm","Hướng nội","Xoài chua chấm muối ớt chua lè","Xem phim","không","Vui vẻ","10","10",""
"2022/10/11 9:53:49 pm GMT+7","Vũ Bảo ","Nam","TPHCM","Kỹ thuật phần mềm ","Hướng nội, muốn một mình nhưng sợ cô đơn, nói khi cần thiết, có thể đi ăn ngoài nếu được mời, có thể mời người ta đi ăn nếu vui, hiếm khi thấy vui","Cà phê, mì quảng, bò kho, bánh mì, xôi mặn, nước ngọt có ga, hủ tiếu nam vang, mì các loại, hoành thánh, sâm bổ lượng, beer, cơm bò xào, cơm gà, cơm sườn, cơm đậu hũ dồn thịt xốt cà, cơm chiên các loại, khô các loại ","Nghe nhạc, chơi đàn","Có","Người vui tính, có thể nói nhiều một chút, ở sạch, ăn xong nhớ dọn, tôn trọng riêng tư, nếu cùng ngành thì tốt, không cùng cũng không sao","7","10",""
"2022/10/11 10:43:53 pm GMT+7","Nguyễn Khánh Châu","Nữ","Hà Nội","Thiết kế đồ hoạ","Người hay thay đổi, thích đi chơi đây đó nhưng cũng hơi trầm tính khi ở với người lạ","canh trứng cà chua, thịt kho tàu","vẽ, nghệ thuật","Có","sạch sẽ và không ích kỷ","9","7",""
"2022/10/11 10:47:49 pm GMT+7","Đoàn Phạm Bích Hợp","Nữ","Phú Yên ","Kĩ thuật phần mềm ","Hướng nội part time, hướng ngoại với người quen, nhưng hướng nội với người lạ","Gà nói chung","Coi phim, ngủ, bơi ","không","Dễ tính, dễ gần, hòa đồng, không dùng đồ mà chưa xin phép, k ồn sau 11h ","8","10",""
"2022/10/11 11:04:39 pm GMT+7","Lê Hồ Bá Anh","Nam","Thanh Hóa","Kỹ thuật phần mềm","ít nói, hướng nội","bún bò, các món Nhật, trà sữa","coi phim, đọc truyện, công nghệ","không","cùng sở thích, hòa đồng, vui tính","10","10",""
"2022/10/12 12:18:25 am GMT+7","Dinh dinh","Nam","Dong nai","Ktpm","Trầm trầm nhưng lúc cần vẫn vui hết mình","Phở","Đá banh, sự logic","không","Hoà đồng, cùng ngành, lanh lợi","9","8",""
"2022/10/12 12:27:24 am GMT+7","Trần Anh Khoa","Nam","TP. Hồ Chí Minh","Thiết kế đồ họa","thoải mái, vui vẻ, thích vui và nghiêm túc","bánh ngọt và kem","môn nào vui thì môn đó chơi. Ví dụ: đá bóng dù trên game hay ngoài đời đều có sự kịch tính và trí tuệ như nhau nên điều đó cũng là một sự thú bị","không","biết đúng sai, có chừng mực - vui vẻ, hài hước nhưng phải có điểm dừng, hiểu quy tắc cộng đồng - nghĩa là không thể thoải mái sống bừa bãi lôi thôi như một mình.","8","9",""
"2022/10/12 6:25:33 am GMT+7","Nguyễn Cao Ngọc Ngân","Nữ","An Giang","Kỹ thuật phần mềm","Người hướng ngoại","Trà đào, cơm tấm Long Xuyên, bún cá Châu Đốc","Toán, tin học, yoga,…","không","Vui tính, hoà đồng, ở sạch sẽ","7","7",""
"2022/10/12 8:14:32 am GMT+7","Lê Hồng Thành","Nam","Hưng Yên","Kỹ thuật phần mềm","Hướng nội","Gà, trứng, xúc xích","Nghe nhạc, xem phim, chơi game","không","Hòa đồng, vui tính","10","3",""
"2022/10/12 8:33:09 am GMT+7","Nguyễn Phan Quỳnh Anh","Nữ","Thừa-Thiên Huế","Kỹ thuật phần mềm","Vừa hướng nội vừa hướng ngoại","Trứng, tôm, những món có vị chua","Đọc sách, xem phim, du lịch","không","Vui vẻ, có tổ chức, có ý thức","7","7",""
"2022/10/12 9:32:54 am GMT+7","Bùi Minh Quang","Nam","Quảng Ngãi","Kỹ thuật phần mềm","là một người ít nói hướng nội và thích ở một mình","bánh mì","tâm lý học","không","người vui tính hòa ","7","3",""
"2022/10/12 10:36:19 am GMT+7","Vo Nhat Truong Duy","Nam","Bến Tre","Kỹ thuật phần mềm","hướng ngoại ít nói thích ở một mình và ghét sự cô đơn","pepsi vị chanh không calo","thích đá banh và bóng bàn","Có","Vui vẻ, hòa đồng, biết nhậu","8","8",""
"2022/10/12 11:21:08 am GMT+7","Nguyễn Xuân Minh Trung","Nam","Hà Nội","Thiết kế mĩ thuật số","Ít nói nhưng hay chia sẻ với mn","Món nào hợp khẩu vị thì mình ăn","Đá bóng và game mobile","Có","Không thích ai có tính cách bảo thủ ","10","10",""
"2022/10/12 12:31:22 pm GMT+7","Vũ Hoàng Sơn Hải","Nam","Thái Bình","Trí tuệ nhân tạo","Sạch sẽ, sợ xã hội","Hủ tiếu, mì quảng, cơm tấm","Game, xem phim, nghe nhạc, đi chơi","không","Sạch sẽ, vui tính, siêng năng, hiền lành","10","8",""
"2022/10/12 12:43:22 pm GMT+7","Nguyen Quoc Cong","Nam","Cam Ranh","Kỹ thuật phần mềm","Hoà đồng","Mì cay","Code, chụp ảnh, âm nhạc","không","Không có","10","10",""
"2022/10/12 1:13:08 pm GMT+7","Trần Bá Mạnh","Nam","Lâm Đồng","IB","Hướng nội","thích ăn mì cay","Bóng đá","không","Vui tính, hòa đồng","10","10",""
"2022/10/12 6:05:34 pm GMT+7","Ngô Tố Oanh","Nữ","Thành phố Hồ Chí Minh","Kỹ thuật phần mềm","thích ở một mình","các món ăn có nước","đọc sách","không","dễ chịu, chịu khó dọn dẹp, không nói xấu sau lưng","5","9",""
"2022/10/12 7:41:34 pm GMT+7","Nguyễn Thị Hồng Ngân","Nữ","Quảng Ngãi","Kinh Doanh Quốc Tế","Mình là một người khá rụt rè khi ở một mình. ","Mình thích ăn tất cả những gì mình thấy ngon. Riêng đồ uống thì mình có niềm đam mê sâu sắc với Rau Má","Mình thích đọc tiểu thuyết và truyện tranh","không","Mình thích bạn cùng phòng hoà đồng, sạch sẽ một chút, tiết kiệm một chút, sòng phẳng tiền bạc.","8","10",""
"2022/10/12 9:15:46 pm GMT+7","NGUYỄN THỊ ÁNH NGUYỆT","Nữ","Thái Bính","thiết kế đồ họa","hướng nội","bún bò","chơi game, xem phim","không","vui vẻ, hòa đồng","6","3",""
"2022/10/12 9:38:38 pm GMT+7","Daniel Nguyen","Nam","Đồng Tháp","SE","thích đi đâu đó","Phở, bánh mì","bóng đá","không","biết làm việc nhà, sạch sẽ","10","10",""
"2022/10/12 10:17:15 pm GMT+7","Lê Tuấn Kiệt","Nam","Gia Lai","Kỹ thuật phần mềm","thích yên tĩnh, hướng nội","bánh xèo, bánh mì","cầu lông, nghe nhạc","không","chung ngành học, vui vẻ, hòa đồng, sạch sẽ","8","5",""
"2022/10/12 10:44:45 pm GMT+7","Nguyễn Ngọc","Nữ","Vũng Tàu","Kỹ thuật phần mềm","Hướng nội, thích ở một mình và dành thời gian cho bản thân nhiều hơn. Nhưng vẫn tham gia clb cũng như đi chơi với bạn bè (nhưng ít, 1 tháng chắc 1-2 lần) để giao lưu và tìm người người làm đồ án tốt nghiệp chung. ","Đồ nướng, đồ ngọt, nước trái cây, đồ ăn mà dai dai kiểu như bánh bột lọc hay bánh canh í.","Toán, giải đố, lắp ráp, ăn và ngủ","không","Vì mình khá kỹ tính nên mong tìm đc người bạn cùng phòng gọn gàng, OCD càng tốt. Không quá tính toán hơn thua, tính khôn lỏi","10","9",""
"2022/10/13 8:40:50 am GMT+7","Lê Nguyễn Minh Duy","Nam","Lâm Đồng","AI","Hướng ngoại thân thiện vui vẻ","Bún đậu mắm tôm","Toán, đạp xe, cà phê","không","Không care lắm","9","10",""
"2022/10/13 9:30:56 am GMT+7","Phan Danh Ngọc","Nam","Hà Tĩnh","Kỹ thuật phần mềm","Hướng nội, ít nói","Hầu hết các món con người dùng được","Nghe nhạc ","không","Vui vẻ, hoà đồng, có tính tự giác, sạch sẽ, gọn gàng ","9","8",""
"2022/10/13 10:00:32 am GMT+7","Ngọc Trinh ","Nữ","Bến Tre ","Truyền thông đa phương tiện ","hướng ngoại nhung thích ở một mình","cafe, bánh tráng ","nghe nhạc và xem phim ","không","vui tính hòa đồng","8","8",""
"2022/10/13 10:50:44 am GMT+7","Lê Hữu Hiếu","Nam","Gia Lai","Kỹ thuật phần mềm","là một người ít nói, thích đi ra quán cafe để học bài","pepsi, thịt sườn, thịt bò","thích chơi game","không","sạch sẽ, vui vẻ","7","10",""
"2022/10/13 11:28:27 am GMT+7","Hoang Thi My Hoa","Nữ","Đồng Nai","Digital Marketing","hướng nội, khó bắt chuyện với người lạ","bánh mì kẹp các loại, snack khoai tây, kem ốc quế...","phim hành động, nghe nhạc, các chương trình giải trí ","không","vui tính, hòa đồng, dễ tính...","7","9",""
"2022/10/13 1:48:08 pm GMT+7","Đặng Lê Hoài Vũ","Nam","Binh Thuan"," Kỹ thuật phần mềm","một người ít nói hướng nội và thích ở một mình","coca cola, đồ ngọt","chơi game","không","người vui tính, hòa đồng","8","10",""
"2022/10/13 3:02:44 pm GMT+7","Trinh Khanh Linh","Nữ","Kiên Giang","Kỹ thuật phần mềm","một người ít nói hướng nội và thích ở một mình","trà sữa","toán","không","hòa đồng","9","9",""
"2022/10/13 6:07:27 pm GMT+7","GÀ BỊ ANH LÙA","Nữ","TP HCM","Nông Nghiệp","Dễ chịu","ỏi","Bị người ta lùa gà","không","Bạn cùng phòng biết lùa gà","10","10",""
"2022/10/13 6:10:06 pm GMT+7","Nguyễn Trung bảo","Nam","Phú yên","Xây dựng","Thích cứ gái","Ăn đồ ngọt uống nước ngọt","Thích đá banh","Có","Sạch sẽ không bừa bộn","9","5",""
"2022/10/13 6:23:37 pm GMT+7","Nguyễn Hồng Sơn","Nam","Bình Định","Đồ
Hoạ","Thích một mình nhưng lại sợ cô đơn","Trừ đồ quá ngọt quá mặn thì cái gì cũng có thể ăn","Nghe nhạc","không","Dễ dãi","10","10",""
"2022/10/13 7:17:38 pm GMT+7","Phạm Ngọc Long","Nam","Trà Vinh","Kỹ Thụât phần mềm","Hướng nội","Fast food","Đọc truyện","không","Hoà đồng, siêng năng","10","6",""
"2022/10/13 9:14:46 pm GMT+7","Lê Tấn Trường","Nam","Đà Nẵng","kỹ thuật phần mềm","hướng nội","thích ăn","code","không","thích ăn","9","9",""
"2022/10/14 8:22:03 am GMT+7","Plhv","Nam","Gia Lai","KTPM","Indoor type","Suit my taste is fine","Game và phụ kiện công nghệ","không","Respect private space and friendly is good","8","8",""
"2022/10/14 10:06:55 pm GMT+7","Võ Hoàng Thắng","Nam","Đồng Tháp","Thiết kế mỹ thuật số","Vui vẻ, hòa đồng","Đồ ngọt, kem, trái cây, món nướng và lẩu","du lịch","không","vui vẻ hòa đồng","8","6",""
"2022/10/15 7:21:07 pm GMT+7","Cao Phương Anh","Nữ","Nam Định","Thiết Kế Mỹ Thuật Số","mình khá dễ hòa đồng nhưng tùy đối tượng","Trà đào, đồ ngọt","Nghe nhạc","không","Sạch sẽ, thoải mái","7","8",""
"2022/10/16 9:45:24 am GMT+7","Nguyễn Thị Lan Anh ","Nữ","Kiên Giang","Ngôn Ngữ Nhật","hướng ngoại thích chia sẻ tuy nhiên hơi khó ngủ và chỉ thích ngủ một mình","thích ăn đồ Việt Nam ","thích đọc truyện, thích hát ","không","vui vẻ hoà đồn thân thiện tôn trọng lẫn nhau ","8","6",""
"2022/10/16 9:48:43 am GMT+7","Đặng Hoàng Việt","Nam","Kon Tum","Kỹ thuật phần mềm","Là người ít nói và khá vui vẻ","Thịt nướng","Chơi game","không","Vui tính, hoà đồng, nhiều chuyện","10","5",""
"2022/10/16 9:48:47 am GMT+7","Lê Như Thiên Hương ","Nữ","TP HCM","Ngôn ngữ nhật","Hiền hoà, thân thiện, dễ tiếp xúc, hướng ngoại","Bánh ngọt, đồ cay hàn quốc ","Ngoại ngữ, toán ","không","Hướng nội, dẫn tiếp xúc, dễ tính, cùng tần số với mình :)))). Thật thà ","10","5",""
"2022/10/16 9:49:35 am GMT+7","Trần Phương Trân","Nữ","Tây Ninh","Ngôn ngữ nhật","Vừa hướng nội vừa hướng ngoại","Mì cay","Xem phim, nghe nhạc","không","Dễ thương, thích nấu ăn, quan tâm bạn bè","7","9",""
"2022/10/16 9:51:42 am GMT+7","Lê Phước Duy","Nam","Bạc Liêu","Kỹ thuật phần mềm","Lowkey","Bánh mì","Code","không","Ít nói","9","10",""
"2022/10/16 9:52:04 am GMT+7","Trương Chí Bảo","Nam","TPHCM","QTKD","Hướng nội","Pizza","Bơi, chạy bộ","không","Sạch sẽ, hoà đồng","10","9",""
"2022/10/16 9:56:40 am GMT+7","Trần Nguyễn Khôi Nguyên","Nam","Nha Trang","Kỹ thuật phần mềm","Là 1 người ít nói hướng nội và thích ở 1 mình","Bạc sỉu","Game và Dark fantasy manga","không","Dễ nói chuyện và giàu","7","10",""
"2022/10/16 10:01:00 am GMT+7","Đan","Nam","Buôn mê thuột","Kỹ thuật phần mềm","Vui tính","Bánh kẹp thịt","Toán","không","Hòa đồng","6","6",""
"2022/10/16 10:01:39 am GMT+7","Nguyễn Thuận Hòa","Nam","Biên Hòa, Đồng Nai","Thiết kế mỹ thuật số","Ambivert, dễ làm quen với bạn mới nhưng thường quen người hợp tính cách mới nói nhiều.","Espresso, Chocolate, Mì gói","Đọc sách, Chơi bóng rổ, chơi đàn Piano, Nghe nhạc","không","Hiểu chuyện, đừng ở dơ, Đừng quá ồn ào, nếu chung sở thích thì càng tốt","8","5",""
"2022/10/16 10:02:11 am GMT+7","Phan Thanh Nhàn","Nam","Vũng Tàu","Ngôn ngữ anh","Ít nói, hướng nội","Cơm tấm sườn bì chả","Trò chơi điện tử","không","Hoà đồng, dễ chịu","8","9",""
"2022/10/16 10:02:45 am GMT+7","Đinh Võ Công Triết","Nam","TPHCM","Ngôn ngữ Anh","Ít nói nhưng hướng ngoại, vui tính","Spaghetti","Thể thao, đọc sách","Có","Năng động vui tính thân thiện","8","8",""
"2022/10/16 10:04:50 am GMT+7","Nguyễn Thế Hiển","Nam","Kon tum","KTPM"," một người ít nói hướng nội và thích ở một mình,....
","bánh kẹp thịt, coca cola, thích ăn mì cay,...
","thiên văn học, toán, thích đá bóng, bơi lội ,...
","không","người vui tính, hòa đồng, hay ham chơi, hoạt bát, ...
","5","5",""
"2022/10/16 10:05:01 am GMT+7","Nguyễn Thành Trung","Nam","Gia Lai","Software Engineering","Hướng nội trầm tính","đồ ngọt ","thích hút thuốc","Có","thằng bạn thích hút thuốc","10","10",""
"2022/10/16 10:05:55 am GMT+7","Trần Mạnh Hùng","Nam","Tp HCM","Kỹ thuật phần mềm","Extrovert","Coca","Đá banh","Có","Freedom","9","10",""
"2022/10/16 10:16:07 am GMT+7","Keru cute phô mai cây","Nam","Bạc Liêu","Kỹ thuật phần mềm","Hướng nội nhưng thích đi chơi","Sinh tố bơ","Game","không","Hòa đồng","7","10",""
"2022/10/16 10:16:34 am GMT+7","Nguyễn Đình Duy","Nam","Bình Thuận","KTPM","Không thích nơi đông người","Cà phê, thức ăn có vị cay","Coding, học công nghệ, xem bóng đá","không","Thật sự như mình nói trên, mình thích ở 1 mình thôi 😶","9","9",""
"2022/10/16 10:16:44 am GMT+7","Phan Văn Phúc","Nam","Bình Thuận","Trí Tuệ Nhân Tạo","Hướng nội, đam mê học tập và cống hiến hết mình","Cũm được, cơm ngon còn bánh bao hơi dở","Đánh bóng bàn, đọc sách","không","Cầu tiến, luôn ham học hỏi, phát triển bản thân","8","8",""
"2022/10/16 10:32:19 am GMT+7","Trần Nguyễn Phúc Vinh","Nam","Mỹ Tho","AI","Vui nhộn ","Thích caffee","Thích chơi bóng rổ , chơi vape","Có","Vui vẻ , hòa đồng","10","10",""
"2022/10/16 4:15:51 pm GMT+7","HUỲNH CHUNG THUỲ","Nữ","KIÊN GIANG","THIẾT KẾ ĐỒ HOẠ","HƯỚNG NỘI, KHÔNG THÍCH ỒN ÀO","MÌ UDON, TRÀ SỮA, CÀ PHÊ SỮA...","KPOP, VẼ...","không","DỄ TÍNH, KHÔNG ÍCH KỶ, BIẾT TÔN TRỌNG","9","10",""
"2022/10/16 4:19:42 pm GMT+7","Lê Quốc Bảo","Nam","Đà Lạt, Lâm Đồng ","Ngôn ngữ nhật","Bán hướng nội ambivert, hướng ngoại khi cần thiết","Sữa tươi trân châu đường đen, đồ ăn Hàn Quốc","Nhạc cụ, ngoại ngữ","không","Yên tĩnh, chung gu giải trí","7","9",""
"2022/10/16 8:40:11 pm GMT+7","Nguyễn Thị Lâm Nhi","Nữ","Thanh Hoá","Marketing truyền thông","Hơi hướng nội và cũng hơi hướng ngoại, thích giáo tiếp với nhiều người","Pizza, các loại bánh ngọt và mặn","Thích xem phim","không","Người hài hước, năng động và thích nói thật","9","5",""
"2022/10/16 9:17:21 pm GMT+7","Phạm Nguyễn Quế Anh","Nữ","Ho chi minh","Ngôn ngữ Nhật","Đôi khi hướng nội, đôi khi hướng ngoại","Thích ăn cay và đồ ngọt","Bơi, cầu lông, diy..","không","Người vui tính, gọn gàng, ngăn nắp, trung thực, thật thà","8","6",""
"2022/10/17 4:23:40 am GMT+7","Hoàng Bảo","Nam","Kiên Giang ","Graphic ","Khó giao tiếp","Bánh bò","Đọc sách ","không","Bất kỳ ngành nào cũng được, lịch sự, tôn trọng bạn cùng phòng ","6","8",""
"2022/10/21 1:54:05 pm GMT+7","Đặng Nguyễn Minh An","Nam","Đà Lạt","Kỹ thuật phần mềm","là một ambivert, thích đi đây đi đó trải nghiệm những thứ mới mẻ nhưng tùy hứng, không lười thì đi có hứng thì xác xe","ăn cơm mẹ nấu","chơi game, cầu lông","không","sạch sẽ, ồn ào đúng lúc đúng chỗ","10","7",""
"2022/10/21 4:44:00 pm GMT+7","Thủy Tiên","Nữ","Hcm","Multimedia communication","Í nói hướng nội ","Ăn haidilao, ăn sushi, đồ thái","Thích đi chơi với bạn bè ","không","Vui tính, dễ chịu ","9","9",""
"2022/10/21 4:51:46 pm GMT+7","Vương Hữu Hiếu","Nam","Hồ Chí Minh","Kỹ thuật phần mềm","thích ở một mình với gia đình, bạn bè.","thích ăn MÌ TÔMMMMM","Thích học thích code","không","hiền, lịch sự, sạch sẻ, vui tính.","7","7",""
"2022/10/21 7:30:56 pm GMT+7","Lập","Nam","Sài Gòn ","Kỹ thuật phần mềm ","Hướng nội nói nhiều","Bún chả nướng ","Quay tik tok ","Có","Xinh đẹp","8","6",""
"2022/10/24 11:28:30 pm GMT+7","Nguyễn Lại Ái Vy","Nữ","Khánh Hoà","Tài chính ngân hàng","Là một người 2 hướng, hướng nội về đêm. Có thể chia sẻ giúp mn vượt qua sự tiêu cực nhưng bản thân mình thì không ","Hải sản, bún bò","Đi dạo ","không","Vui tính , sạch sẽ gọn gàng ","7","1",""
"2022/10/24 11:39:00 pm GMT+7","Trần Nhân Tâm","Nam","Hà Tĩnh","Quản trị khách sạn","Hướng nội","Dưa hấu","Đọc sách","không","Hướng nội ","1","10",""
"2022/10/24 11:50:07 pm GMT+7","NtHK","Nữ","Vĩnh Phúc ","kinh tế ","Bình thường 🤤","No","Ngủ","không","Khắc kỷ","6","10",""
"2022/10/25 12:06:05 am GMT+7","Hoàng Thị Minh Trang","Nữ","Hà Nội","Ngôn ngữ anh","Hoà đồng, vui vẻ, tích cực","1. Tofu
2. Bánh mì ( thích mọi loại bánh mì)
3. Nước ép
","Thích:
1. Thiên nhiên cây cỏ
2. Bóng bàn","không","Thích những bạn hoạt bát, vui vẻ và sạch sẽ","9","8",""
"2022/10/25 7:40:27 pm GMT+7","Nguyễn Hoài Thương","Nữ","Đồng Nai","International Business","Đúng ik chang mô tả mẫu :)))","Thích đồ tự nấu","Đọc sách, đàn hát, vẽ, xem phim","không","Giống tính cách càng tốt nhưng k nên là bạn thân","9","10",""