id,room
2,5
3,6
6,7
8,8
12,9
13,10
14,11
15,12
16,13
20,14
21,15
22,16
24,17
25,18
26,19
27,20
29,21
30,22
31,23
32,24
33,25
34,26
36,27
37,28
38,29
39,30
41,31
43,32
45,33
46,34
47,35
50,36
52,37
53,38
54,36
56,39
57,40
58,41
60,42
62,43
68,36
69,44
71,45
72,46
73,47
74,48
75,49
76,50
77,37
78,51
79,52
80,30
83,53
84,54
85,55
86,53
87,52
89,41
90,56
91,41
92,30
93,57
94,58
95,58
96,56
97,50
98,24
99,39
101,58
102,51
103,26
104,45
105,59
116,57
118,39
120,24
121,37
125,51
128,34
130,38
139,35
143,26
144,50
148,34
150,32
157,56
158,48
159,60
162,11
165,59
167,57
169,21
170,33
177,35
178,38
180,7
181,47
196,32
198,55
199,28
202,21
205,40
207,61
208,62
209,25
212,28
213,11
214,61
220,53
222,59
223,45
224,33
225,8
226,16
227,25
228,16
230,5
231,48
232,49
233,20
234,46
236,6
237,43
238,17
239,60
241,47
242,27
243,42
244,60
246,43
249,29
250,44
251,20
254,23
258,40
261,12
262,62
264,14
265,27
266,6
267,29
268,22
269,49
270,31
274,10
275,23
277,42
278,14
279,44
281,9
282,61
283,52
284,55
286,19
289,7
291,54
292,19
293,15
294,5
295,15
297,12
298,8
299,18
301,54
304,10
305,9
306,13
307,18
310,46
315,17
317,22
318,13
319,31
